URN,LA,ESTAB,LAESTAB,SCHNAME,STREET,LOCALITY,ADDRESS3,TOWN,POSTCODE,TELNUM,ICLOSE,OPENDATE,CLOSEDATE,ISNEW,MINORGROUP,NFTYPE,ISPRIMARY,ISSECONDARY,ISPOST16,AGEL,AGEH,GENDER,SFGENDER,RELDENOM,ADMPOL,NEWACFLAG,LAT,LNG
107809,383,2270,3832270,Guiseley Infant and Nursery School,Oxford Road,Guiseley,,Leeds,LS20 9DA,01943 873359,1,,,0,Maintained School,Foundation School,1,0,0,3,7,Mixed,Mixed,Does not apply,Not applicable,6,53.8007554,-1.5490774
107810,383,2271,3832271,Rawdon Littlemoor Primary School,New Road Side,Rawdon,,Leeds,LS19 6DD,0113 8879690,1,,,0,Maintained School,Foundation School,1,0,0,4,11,Mixed,Mixed,Does not apply,Not applicable,6,53.85539559999999,-1.6890566
107813,383,2275,3832275,Scholes (Elmet) Primary School,Station Road,Scholes,,Leeds,LS15 4BJ,0113 2649149,1,,,0,Maintained School,Community School,1,0,0,3,11,Mixed,Mixed,Does not apply,Not applicable,6,53.8260085,-1.4304712
107817,383,2283,3832283,Horsforth Featherbank Primary School,Featherbank Avenue,Horsforth,,Leeds,LS18 4QP,0113 2144811,1,,,0,Maintained School,Community School,1,0,0,4,11,Mixed,Mixed,Does not apply,Not applicable,6,53.8285501,-1.6481027
107820,383,2286,3832286,Churwell Primary School,Westwood Side,Churwell Morley,,Leeds,LS27 9HR,0113 2527437,1,,,0,Maintained School,Community School,1,0,0,3,11,Mixed,Mixed,Does not apply,Not applicable,6,53.7585783,-1.5963482
107823,383,2292,3832292,Hill Top Primary School,Batley Road,West Ardsley,,Wakefield,WF3 1HD,0113 3074750,1,,,0,Maintained School,Community School,1,0,0,3,11,Mixed,Mixed,Does not apply,Not applicable,6,53.7163695,-1.5765622
107824,383,2293,3832293,Seven Hills Primary School,Appleby Way,Morley,,Leeds,LS27 8LA,0113 2527194,1,,,0,Maintained School,Community School,1,0,0,3,11,Mixed,Mixed,Does not apply,Not applicable,6,53.7469537,-1.5963861
107825,383,2297,3832297,Westerton Primary School,Hesketh Lane,Tingley,,Wakefield,WF3 1AR,0113 2533504,1,,,0,Maintained School,Community School,1,0,0,3,11,Mixed,Mixed,Does not apply,Not applicable,6,53.7242115,-1.5794487
107826,383,2301,3832301,Calverley Parkside Primary School,Victoria Street,Calverley,,Pudsey,LS28 5PQ,0113 2146103,1,,,0,Maintained School,Community School,1,0,0,3,11,Mixed,Mixed,Does not apply,Not applicable,6,53.8278232,-1.6880511
107827,383,2302,3832302,Westroyd Primary and Nursery School,Frances Street,Farsley,,Pudsey,LS28 5BH,0113 2551601,1,,,0,Maintained School,Community School,1,0,0,3,11,Mixed,Mixed,Does not apply,Not applicable,6,53.8007554,-1.5490774
107828,383,2303,3832303,Greenside Primary School,Chapeltown,,,Pudsey,LS28 8NZ,0113 2574509,1,,,0,Maintained School,Community School,1,0,0,5,11,Mixed,Mixed,Does not apply,Not applicable,6,53.79201,-1.668113
107830,383,2308,3832308,Carlton Primary School,New Road,Carlton,,Wakefield,WF3 3RE,0113 2146316,1,,,0,Maintained School,Community School,1,0,0,3,11,Mixed,Mixed,Does not apply,Not applicable,6,53.7397212,-1.4916796
107831,383,2309,3832309,Robin Hood Primary School,Leeds Road,Robin Hood,,Wakefield,WF3 3BG,0113 2823444,1,,,0,Maintained School,Community School,1,0,0,3,11,Mixed,Mixed,Does not apply,Not applicable,6,53.73742900000001,-1.5076334
107832,383,2312,3832312,Thorpe Primary School,Dolphin Lane,Thorpe,,Wakefield,WF3 3DG,0113 3368760,1,,,0,Maintained School,Community School,1,0,0,3,11,Mixed,Mixed,Does not apply,Not applicable,6,53.7341983,-1.5248769
107833,383,2313,3832313,Rothwell Haigh Road Infant School,Haigh Road,Rothwell,,Leeds,LS26 0NQ,0113 2146314,1,,,0,Maintained School,Community School,1,0,0,3,7,Mixed,Mixed,Does not apply,Not applicable,6,53.7552397,-1.4831648
107834,383,2314,3832314,Woodlesford Primary School,Church Street,Woodlesford,,Leeds,LS26 8RD,0113 2146306,1,,,0,Maintained School,Community School,1,0,0,3,11,Mixed,Mixed,Does not apply,Not applicable,6,53.7569327,-1.4478846
107838,383,2321,3832321,Morley Newlands Primary School,Wide Lane,Morley,,Leeds,LS27 8PG,0113 3231890,2,,28/02/2015,0,Maintained School,Community School,1,0,0,3,11,Mixed,Mixed,Does not apply,Not applicable,2,53.74721599999999,-1.581859
107840,383,2324,3832324,Yeadon Westfield Junior School,New Road,Yeadon,,Leeds,LS19 7HW,0113 2503395,1,,,0,Maintained School,Foundation School,1,0,0,7,11,Mixed,Mixed,Does not apply,Not applicable,6,53.8645313,-1.6989135
107841,383,2326,3832326,Pudsey Tyersal Primary School,Tyersal Walk,Tyersal,,Bradford,BD4 8ER,01274 662363,1,,,0,Maintained School,Community School,1,0,0,3,11,Mixed,Mixed,Does not apply,Not applicable,6,53.78915840000001,-1.7009608
107842,383,2327,3832327,Oulton Primary School,Green Lea,Oulton,,Leeds,LS26 8NT,0113 2821344,1,,,0,Maintained School,Community School,1,0,0,3,11,Mixed,Mixed,Does not apply,Not applicable,6,53.7536922,-1.4579539
107843,383,2328,3832328,Swillington Primary School,Church Lane,Swillington,,Leeds,LS26 8DX,0113 2863220,1,,,0,Maintained School,Foundation School,1,0,0,3,11,Mixed,Mixed,,Not applicable,6,53.769578,-1.418373
107844,383,2329,3832329,Bramham Primary School,Clifford Road,Bramham,,Wetherby,LS23 6JQ,01937 843682,1,,,0,Maintained School,Community School,1,0,0,5,11,Mixed,Mixed,Does not apply,Not applicable,6,53.88695,-1.3515813
107845,383,2331,3832331,Pudsey Bolton Royd Primary School,Moorland Grove,,,Pudsey,LS28 8EP,0113 3862560,1,,,0,Maintained School,Community School,1,0,0,3,11,Mixed,Mixed,Does not apply,Not applicable,6,53.801482,-1.6948794
107846,383,2334,3832334,West End Primary School,West End Lane,Horsforth,,Leeds,LS18 5JP,0113 2582819,1,,,0,Maintained School,Community School,1,0,0,3,11,Mixed,Mixed,Does not apply,Not applicable,6,53.8413724,-1.6530774
107847,383,2335,3832335,Southroyd Primary and Nursery School,Littlemoor Crescent,,,Pudsey,LS28 8AT,0113 2570197,1,,,0,Maintained School,Foundation School,1,0,0,3,11,Mixed,Mixed,Does not apply,Not applicable,6,53.78831839999999,-1.663443
107848,383,2336,3832336,Gildersome Primary School,Town Street,Gildersome,,Leeds,LS27 7AB,0113 2012450,1,,,0,Maintained School,Community School,1,0,0,4,11,Mixed,Mixed,Does not apply,Not applicable,6,53.7578237,-1.630214
107849,383,2338,3832338,Farsley Springbank Primary School,Wesley Street,Farsley,,Pudsey,LS28 5LE,0113 2558719,1,,,0,Maintained School,Community School,1,0,0,4,11,Mixed,Mixed,Does not apply,Not applicable,6,53.8129972,-1.6688557
107850,383,2339,3832339,Pudsey Primrose Hill Primary School,Primrose Hill,Stanningley,,Pudsey,LS28 6AB,0113 2574129,1,,,0,Maintained School,Community School,1,0,0,3,11,Mixed,Mixed,Does not apply,Not applicable,6,53.802054,-1.6669914
107851,383,2342,3832342,Victoria Junior School,Cornwall Crescent,Wood Lane,Rothwell,Leeds,LS26 0RA,0113 3932926,1,,,0,Maintained School,Community School,1,0,0,7,11,Mixed,Mixed,Does not apply,Not applicable,6,53.7999349,-1.5019751
107854,383,2347,3832347,Crossley Street Primary School,Crossley Street,,,Wetherby,LS22 6RT,01937 520301,1,,,0,Maintained School,Community School,1,0,0,3,11,Mixed,Mixed,Does not apply,Not applicable,6,53.9311666,-1.3899623
107855,383,2348,3832348,Tranmere Park Primary School,Ridge Close,Tranmere Park,Guiseley,Leeds,LS20 8JJ,01943 875050,1,,,0,Maintained School,Foundation School,1,0,0,5,11,Mixed,Mixed,Does not apply,Not applicable,6,53.8714819,-1.726599
107858,383,2356,3832356,Queensway Primary School,Coppice Wood Avenue,Yeadon,,Leeds,LS19 7LF,01943 874925,1,,,0,Maintained School,Foundation School,1,0,0,3,11,Mixed,Mixed,Does not apply,Not applicable,6,53.87196119999999,-1.6901191
107859,383,2358,3832358,Yeadon Westfield Infant School,Westfield Grove,Yeadon,,Leeds,LS19 7NQ,0113 2505449,1,,,0,Maintained School,Foundation School,1,0,0,3,7,Mixed,Mixed,Does not apply,Not applicable,6,53.863226,-1.7014924
107860,383,2363,3832363,Horsforth Newlaithes Primary School,Victoria Crescent,Horsforth,,Leeds,LS18 4PT,0113 2588645,1,,,0,Maintained School,Community School,1,0,0,4,11,Mixed,Mixed,Does not apply,Not applicable,6,53.8285501,-1.6481027
107861,383,2364,3832364,Westbrook Lane Primary School,Westbrook Lane,Horsforth,,Leeds,LS18 5AH,0113 2587913,1,,,0,Maintained School,Community School,1,0,0,4,11,Mixed,Mixed,Does not apply,Not applicable,6,53.8470569,-1.6415056
107862,383,2365,3832365,Lowtown Primary School,Kent Road,,,Pudsey,LS28 9BB,0113 2567303,1,,,0,Maintained School,Community School,1,0,0,5,11,Mixed,Mixed,Does not apply,Not applicable,6,53.7967295,-1.6545087
107863,383,2369,3832369,Birchfield Primary School,Birchfield Avenue,Gildersome,,Leeds,LS27 7HU,0113 2533009,1,,,0,Maintained School,Community School,1,0,0,3,11,Mixed,Mixed,Does not apply,Not applicable,6,53.755823,-1.6354955
107866,383,2382,3832382,Morley Victoria Primary School,Victoria Road,Morley,,Leeds,LS27 9NW,0113 2535253,1,,,0,Maintained School,Community School,1,0,0,3,11,Mixed,Mixed,Does not apply,Not applicable,6,53.7503146,-1.6071165
107867,383,2384,3832384,Kippax Greenfield Primary School,Ebor Mount,Kippax,,Leeds,LS25 7PA,0113 2876195,1,,,0,Maintained School,Foundation School,1,0,0,4,11,Mixed,Mixed,,Not applicable,6,53.7701958,-1.3722833
107868,383,2385,3832385,Bardsey Primary School,Woodacre Lane,Bardsey,,Leeds,LS17 9DG,01937 572612,1,,,0,Maintained School,Foundation School,1,0,0,5,11,Mixed,Mixed,Does not apply,Not applicable,6,53.8863612,-1.4484359
107869,383,2389,3832389,Primrose Lane Primary School,Westwood Way,Boston Spa,,Wetherby,LS23 6DX,01937 842667,1,,,0,Maintained School,Foundation School,1,0,0,3,11,Mixed,Mixed,Does not apply,Not applicable,6,53.9029203,-1.3521192
107870,383,2390,3832390,Wigton Moor Primary School,Barfield Crescent,,,Leeds,LS17 8RU,0113 2682341,1,,,0,Maintained School,Community School,1,0,0,4,11,Mixed,Mixed,Does not apply,Not applicable,6,53.8562246,-1.51731
107873,383,2397,3832397,Ninelands Primary School,Ninelands Lane,Garforth,,Leeds,LS25 1NT,0113 2878370,1,,,0,Maintained School,Foundation School,1,0,0,3,11,Mixed,Mixed,,Not applicable,6,53.788964,-1.3776304
107874,383,2398,3832398,Broadgate Primary School,North Broadgate Lane,Horsforth,,Leeds,LS18 5AF,0113 2582685,1,,,0,Maintained School,Community School,1,0,0,3,11,Mixed,Mixed,Does not apply,Not applicable,6,53.84099459999999,-1.6332305
107875,383,2399,3832399,"Kippax North Junior, Infant & Nursery School",Brexdale Avenue,Kippax,,Leeds,LS25 7EJ,0113 2869427,1,,,0,Maintained School,Foundation School,1,0,0,3,11,Mixed,Mixed,,Not applicable,6,53.8007554,-1.5490774
107876,383,2400,3832400,Deighton Gates Primary School,Deighton Road,,,Wetherby,LS22 7XL,01937 584359,1,,,0,Maintained School,Foundation School,1,0,0,4,11,Mixed,Mixed,Does not apply,Not applicable,6,53.9405443,-1.3896378
107877,383,2401,3832401,Ashfield Primary School,Weston Lane,,,Otley,LS21 2DF,01943 463341,1,,,0,Maintained School,Community School,1,0,0,3,11,Mixed,Mixed,Does not apply,Not applicable,6,53.9118913,-1.7080633
107879,383,2403,3832403,Westgate Primary School,Scarborough Road,,,Otley,LS21 3JS,01943 462349,1,,,0,Maintained School,Community School,1,0,0,3,11,Mixed,Mixed,Does not apply,Not applicable,6,53.90300689999999,-1.703057
107881,383,2405,3832405,Otley the Whartons Primary School,The Whartons,,,Otley,LS21 2BS,01943 465018,1,,,0,Maintained School,Community School,1,0,0,5,11,Mixed,Mixed,Does not apply,Not applicable,6,53.916886,-1.691492
107882,383,2406,3832406,Bramhope Primary School,Tredgold Crescent,Bramhope,,Leeds,LS16 9BR,0113 2671222,1,,,0,Maintained School,Community School,1,0,0,4,11,Mixed,Mixed,Does not apply,Not applicable,6,53.8819844,-1.6175833
107883,383,2407,3832407,Beecroft Primary School,Eden Way,,,Leeds,LS4 2TF,0113 2144562,1,,,0,Maintained School,Community School,1,0,0,3,11,Mixed,Mixed,Does not apply,Not applicable,6,53.8123173,-1.5959168
107884,383,2408,3832408,Blenheim Primary School,Lofthouse Place,,,Leeds,LS2 9EX,0113 2930808,1,,,0,Maintained School,Foundation School,1,0,0,3,11,Mixed,Mixed,Does not apply,Not applicable,6,53.8071071,-1.5475273
107885,383,2409,3832409,Brudenell Primary School,Welton Place,,,Leeds,LS6 1EW,0113 2785168,1,,,0,Maintained School,Foundation School,1,0,0,3,11,Mixed,Mixed,Does not apply,Not applicable,6,53.8132179,-1.5709108
107886,383,2410,3832410,Iveson Primary School,Iveson Rise,Tinshill,,Leeds,LS16 6LW,0113 2256868,1,,,0,Maintained School,Foundation School,1,0,0,3,11,Mixed,Mixed,Does not apply,Not applicable,6,53.8433879,-1.6051148
107887,383,2411,3832411,Kirkstall Valley Primary School,Argie Road,,,Leeds,LS4 2QZ,0113 3368030,1,,,0,Maintained School,Community School,1,0,0,3,11,Mixed,Mixed,Does not apply,Not applicable,6,53.8084275,-1.5869653
107888,383,2412,3832412,Little London Community Primary School and Nursery,Meanwood Street,,,Leeds,LS7 1SR,0113 2442457,1,,,0,Maintained School,Foundation School,1,0,0,5,11,Mixed,Mixed,Does not apply,Not applicable,6,53.8007554,-1.5490774
107889,383,2413,3832413,Quarry Mount Primary School,Pennington Street,,,Leeds,LS6 2JP,0113 2455803,1,,,0,Maintained School,Foundation School,1,0,0,3,11,Mixed,Mixed,Does not apply,Not applicable,6,53.8153539,-1.5548504
107890,383,2414,3832414,Spring Bank Primary School,Spring Road,,,Leeds,LS6 1AD,0113 2043120,1,,,0,Maintained School,Community School,1,0,0,4,11,Mixed,Mixed,Does not apply,Not applicable,6,53.81705660000001,-1.5756692
107891,383,2415,3832415,Rosebank Primary School,Burley Road,,,Leeds,LS3 1JP,0113 2433497,1,,,0,Maintained School,Foundation School,1,0,0,3,11,Mixed,Mixed,Does not apply,Not applicable,6,53.8036341,-1.5668204
107892,383,2416,3832416,Adel Primary School,Tile Lane,Adel,,Leeds,LS16 8DY,0113 2301116,1,,,0,Maintained School,Community School,1,0,0,3,11,Mixed,Mixed,Does not apply,Not applicable,6,53.8493533,-1.575759
107893,383,2417,3832417,Hawksworth Wood Primary School,Cragside Walk,,,Leeds,LS5 3QE,0113 2583984,1,,,0,Maintained School,Community School,1,0,0,5,11,Mixed,Mixed,Does not apply,Not applicable,6,53.8313522,-1.6173827
107894,383,2418,3832418,Cookridge Primary School,Tinshill Drive,Cookridge,,Leeds,LS16 7DH,0113 3862500,1,,,0,Maintained School,Foundation School,1,0,0,5,11,Mixed,Mixed,Does not apply,Not applicable,6,53.8554222,-1.6153115
107896,383,2420,3832420,Ireland Wood Primary School,Raynel Gardens,,,Leeds,LS16 6BW,0113 2678032,1,,,0,Maintained School,Foundation School,1,0,0,5,11,Mixed,Mixed,Does not apply,Not applicable,6,53.852545,-1.6047989
107897,383,2421,3832421,Weetwood Primary School,Weetwood Lane,,,Leeds,LS16 5NW,0113 3230450,1,,,0,Maintained School,Community School,1,0,0,3,11,Mixed,Mixed,Does not apply,Not applicable,6,53.8293208,-1.582834
107901,383,2425,3832425,Bankside Primary School,Shepherds Lane,,,Leeds,LS8 5AW,0113 3368383,1,,,0,Maintained School,Community School,1,0,0,3,11,Mixed,Mixed,Does not apply,Not applicable,6,53.8148134,-1.5218995
107903,383,2427,3832427,Chapel Allerton Primary School,Harrogate Road,,,Leeds,LS7 3PD,0113 2624851,1,,,0,Maintained School,Community School,1,0,0,3,11,Mixed,Mixed,Does not apply,Not applicable,6,53.8268599,-1.5373298
107904,383,2428,3832428,Gledhow Primary School,Lidgett Lane,,,Leeds,LS8 1PL,0113 2930392,1,,,0,Maintained School,Community School,1,0,0,3,11,Mixed,Mixed,Does not apply,Not applicable,6,53.8329797,-1.5210041
107908,383,2432,3832432,Talbot Primary School,East Moor Road,Roundhay,,Leeds,LS8 1AF,0113 2934086,1,,,0,Maintained School,Community School,1,0,0,3,11,Mixed,Mixed,Does not apply,Not applicable,6,53.8420709,-1.5168217
107909,383,2433,3832433,Bracken Edge Primary School,Newton Road,,,Leeds,LS7 4HE,0113 2623335,1,,,0,Maintained School,Community School,1,0,0,3,11,Mixed,Mixed,Does not apply,Not applicable,6,53.82088,-1.526645
107910,383,2434,3832434,Kerr Mackie Primary School,Gledhow Lane,,,Leeds,LS8 1NE,0113 3368499,1,,,0,Maintained School,Community School,1,0,0,3,11,Mixed,Mixed,Does not apply,Not applicable,6,53.8289572,-1.5132895
107911,383,2435,3832435,Hillcrest Primary School,Cowper Street,,,Leeds,LS7 4DR,0113 2624080,2,,31/12/2013,0,Maintained School,Community School,1,0,0,3,11,Mixed,Mixed,Does not apply,Not applicable,4,53.81503009999999,-1.5293026
107912,383,2436,3832436,Alwoodley Primary School,Cranmer Rise,,,Leeds,LS17 5HX,0113 2686104,1,,,0,Maintained School,Community School,1,0,0,3,11,Mixed,Mixed,Does not apply,Not applicable,6,53.8506052,-1.55588
107913,383,2437,3832437,Carr Manor Primary School,Carr Manor Road,Moortown,,Leeds,LS17 5DJ,0113 2689160,1,,,0,Maintained School,Community School,1,0,0,3,11,Mixed,Mixed,Does not apply,Not applicable,6,53.83531559999999,-1.5513492
107914,383,2438,3832438,Highfield Primary School,Sandringham Green,,,Leeds,LS17 8DJ,0113 2930155,1,,,0,Maintained School,Community School,1,0,0,4,11,Mixed,Mixed,Does not apply,Not applicable,6,53.8514883,-1.5267842
107915,383,2439,3832439,Moor Allerton Hall Primary School,Lidgett Lane,,,Leeds,LS17 6QP,0113 3368350,1,,,0,Maintained School,Community School,1,0,0,3,11,Mixed,Mixed,Does not apply,Not applicable,6,53.83928280000001,-1.5233775
107916,383,2440,3832440,Moortown Primary School,Shadwell Lane,,,Leeds,LS17 6DR,0113 2685915,1,,,0,Maintained School,Community School,1,0,0,5,11,Mixed,Mixed,Does not apply,Not applicable,6,53.84502,-1.53241
107917,383,2441,3832441,Shadwell Primary School,Main Street,,,Leeds,LS17 8JF,0113 2144127,1,,,0,Maintained School,Community School,1,0,0,5,11,Mixed,Mixed,Does not apply,Not applicable,6,53.8515551,-1.4746544
107920,383,2444,3832444,Beechwood Primary School,Kentmere Avenue,Seacroft,,Leeds,LS14 6QB,0113 2930250,1,,,0,Maintained School,Foundation School,1,0,0,3,11,Mixed,Mixed,Does not apply,Not applicable,6,53.8185397,-1.4678193
107922,383,2446,3832446,Ebor Gardens Primary School,Rigton Drive,,,Leeds,LS9 7PY,0113 2482750,1,,,0,Maintained School,Community School,1,0,0,3,11,Mixed,Mixed,Does not apply,Not applicable,6,53.7996867,-1.5225506
107923,383,2447,3832447,Grange Farm Primary School,Barncroft Rise,,,Leeds,LS14 1AX,0113 2930120,1,,,0,Maintained School,Foundation School,1,0,0,3,11,Mixed,Mixed,Does not apply,Not applicable,6,53.8275667,-1.4732055
107924,383,2448,3832448,Grimes Dyke Primary School,Stanks Drive,,,Leeds,LS14 5BY,0113 2941066,1,,,0,Maintained School,Community School,1,0,0,3,11,Mixed,Mixed,Does not apply,Not applicable,6,53.8249191,-1.4465559
107925,383,2449,3832449,Harehills Primary School,Darfield Road,Harehills,,Leeds,LS8 5DQ,0113 2350539,1,,,0,Maintained School,Community School,1,0,0,3,11,Mixed,Mixed,Does not apply,Not applicable,6,53.81195959999999,-1.5137939
107926,383,2450,3832450,Hovingham Primary School,Hovingham Avenue,,,Leeds,LS8 3QY,0113 2489537,1,,,0,Maintained School,Community School,1,0,0,3,11,Mixed,Mixed,Does not apply,Not applicable,6,53.8161141,-1.5092839
107927,383,2451,3832451,Richmond Hill Primary School,Clark Lane,,,Leeds,LS9 8PN,0113 01133368,1,,,0,Maintained School,Community School,1,0,0,3,11,Mixed,Mixed,Does not apply,Not applicable,6,53.79191909999999,-1.5196203
107928,383,2452,3832452,Seacroft Grange Primary School,Moresdale Lane,Seacroft,,Leeds,LS14 6JR,0113 2605385,1,,,0,Maintained School,Community School,1,0,0,3,11,Mixed,Mixed,Does not apply,Not applicable,6,53.8112697,-1.4725443
107929,383,2453,3832453,Colton Primary School,School Lane,Colton,,Leeds,LS15 9AL,0113 2647514,1,,,0,Maintained School,Foundation School,1,0,0,3,11,Mixed,Mixed,,Not applicable,6,53.7920563,-1.4371437
107930,383,2454,3832454,Victoria Primary School,Ivy Avenue,,,Leeds,LS9 9ER,0113 2482449,1,,,0,Maintained School,Community School,1,0,0,3,11,Mixed,Mixed,Does not apply,Not applicable,6,53.7999349,-1.5019751
107932,383,2456,3832456,White Laith Primary School,Naburn Drive,,,Leeds,LS14 2BL,0113 2930280,1,,,0,Maintained School,Foundation School,1,0,0,3,11,Mixed,Mixed,Does not apply,Not applicable,6,53.8312141,-1.4534929
107933,383,2457,3832457,Wykebeck Primary School,Brander Street,,,Leeds,LS9 6QH,0113 2491525,1,,,0,Maintained School,Community School,1,0,0,3,11,Mixed,Mixed,Does not apply,Not applicable,6,53.8064328,-1.4906322
107934,383,2458,3832458,Cross Gates Primary School,Poole Crescent,,,Leeds,LS15 7NB,0113 2645763,1,,,0,Maintained School,Foundation School,1,0,0,3,11,Mixed,Mixed,Does not apply,Not applicable,6,53.80603499999999,-1.460743
107938,383,2462,3832462,Shakespeare Primary School,Shakespeare Avenue,Burmantofts,,Leeds,LS9 7HP,0113 3368340,1,,,0,Maintained School,Community School,1,0,0,3,11,Mixed,Mixed,Does not apply,Not applicable,6,53.8035982,-1.5206216
107939,383,2463,3832463,Austhorpe Primary School,Austhorpe Lane,,,Leeds,LS15 8TP,0113 2640450,1,,,0,Maintained School,Foundation School,1,0,0,4,11,Mixed,Mixed,,Not applicable,6,53.7977143,-1.4364493
107940,383,2464,3832464,Manston Primary School,Dennil Road,,,Leeds,LS15 8SD,0113 2645445,1,,,0,Maintained School,Community School,1,0,0,5,11,Mixed,Mixed,Does not apply,Not applicable,6,53.8136488,-1.4457508
107941,383,2465,3832465,Templenewsam Halton Primary School,Pinfold Lane,,,Leeds,LS15 7SY,0113 2930314,1,,,0,Maintained School,Foundation School,1,0,0,3,11,Mixed,Mixed,,Not applicable,6,53.7982592,-1.4644323
107942,383,2466,3832466,Whitkirk Primary School,Templegate Walk,Whitkirk,,Leeds,LS15 0EU,0113 2606203,1,,,0,Maintained School,Foundation School,1,0,0,4,11,Mixed,Mixed,,Not applicable,6,53.79341909999999,-1.4553903
107943,383,2467,3832467,Parklands Primary School,Dufton Approach,,,Leeds,LS14 6ED,0113 2930282,1,,,0,Maintained School,Community School,1,0,0,3,11,Mixed,Mixed,Does not apply,Not applicable,6,53.813447,-1.4626118
107944,383,2468,3832468,Swarcliffe Primary School,Swarcliffe Drive,,,Leeds,LS14 5JW,0113 2930275,1,,,0,Maintained School,Community School,1,0,0,3,11,Mixed,Mixed,Does not apply,Not applicable,6,53.820381,-1.4518759
107945,383,2469,3832469,Fieldhead Carr Primary School,Naburn Approach,,,Leeds,LS14 2EG,0113 2930226,1,,,0,Maintained School,Community School,1,0,0,3,11,Mixed,Mixed,Does not apply,Not applicable,6,53.8375917,-1.4569476
107946,383,2470,3832470,Beeston Primary School,Town Street,,,Leeds,LS11 8PN,0113 2716978,1,,,0,Maintained School,Foundation School,1,0,0,3,11,Mixed,Mixed,Does not apply,Not applicable,6,53.7720333,-1.5728239
107947,383,2471,3832471,Windmill Primary School,Windmill Road,,,Leeds,LS10 3HQ,0113 2712115,1,,,0,Maintained School,Community School,1,0,0,5,11,Mixed,Mixed,Does not apply,Not applicable,6,53.7623616,-1.5272753
107949,383,2473,3832473,Greenmount Primary School,Lodge Lane,,,Leeds,LS11 6BA,0113 2760771,1,,,0,Maintained School,Community School,1,0,0,3,11,Mixed,Mixed,Does not apply,Not applicable,6,53.777237,-1.5530321
107950,383,2474,3832474,Hunslet Carr Primary School,Woodhouse Hill Road,Hunslet,,Leeds,LS10 2DN,0113 2713804,1,,,0,Maintained School,Community School,1,0,0,3,11,Mixed,Mixed,Does not apply,Not applicable,6,53.7719491,-1.5280508
107951,383,2475,3832475,Hunslet Moor Primary School,Fairford Avenue,,,Leeds,LS11 5EL,0113 2717257,1,,,0,Maintained School,Community School,1,0,0,3,11,Mixed,Mixed,Does not apply,Not applicable,6,53.77780680000001,-1.5437453
107952,383,2476,3832476,Ingram Road Primary School,Brown Lane East,Holbeck,,Leeds,LS11 9LA,0113 2456136,1,,,0,Maintained School,Community School,1,0,0,3,11,Mixed,Mixed,Does not apply,Not applicable,6,53.7842188,-1.5638442
107953,383,2477,3832477,Middleton Primary School,Middleton Park Avenue,,,Leeds,LS10 4HU,0113 2717969,1,,,0,Maintained School,Foundation School,1,0,0,5,11,Mixed,Mixed,Does not apply,Not applicable,6,53.742956,-1.547892
107954,383,2478,3832478,Westwood Primary School,Bodmin Garth,,,Leeds,LS10 4NU,0113 2712420,1,,,0,Maintained School,Foundation School,1,0,0,3,11,Mixed,Mixed,Does not apply,Not applicable,6,53.7471168,-1.5560743
107957,383,2481,3832481,Low Road Primary School,Belinda Street,Off Church Street,,Leeds,LS10 2PS,0113 2141704,1,,,0,Maintained School,Community School,1,0,0,3,11,Mixed,Mixed,Does not apply,Not applicable,6,53.778575,-1.5238438
107958,383,2482,3832482,Clapgate Primary School,Cranmore Drive,,,Leeds,LS10 4AW,0113 2716700,1,,,0,Maintained School,Foundation School,1,0,0,3,11,Mixed,Mixed,Does not apply,Not applicable,6,53.7516619,-1.5201253
107959,383,2483,3832483,Hugh Gaitskell Primary School,St Anthony's Drive,Beeston,,Leeds,LS11 8AB,0113 2716963,1,,,0,Maintained School,Foundation School,1,0,0,3,11,Mixed,Mixed,Does not apply,Not applicable,6,53.7712452,-1.5686032
107960,383,2484,3832484,Armley Primary School,Salisbury Terrace,,,Leeds,LS12 2AY,0113 2639216,1,,,0,Maintained School,Community School,1,0,0,3,11,Mixed,Mixed,Does not apply,Not applicable,6,53.80100729999999,-1.5893858
107961,383,2485,3832485,Bramley Primary School,Fairfield Hill,Bramley,,Leeds,LS13 3DP,0113 2146169,1,,,0,Maintained School,Community School,1,0,0,3,11,Mixed,Mixed,Does not apply,Not applicable,6,53.81035079999999,-1.6424738
107962,383,2486,3832486,Castleton Primary School,Green Lane,,,Leeds,LS12 1JZ,0113 2637756,1,,,0,Maintained School,Community School,1,0,0,3,11,Mixed,Mixed,Does not apply,Not applicable,6,53.7927057,-1.5758161
107963,383,2487,3832487,Cobden Primary School,Cobden Road,,,Leeds,LS12 5LA,0113 2798079,1,,,0,Maintained School,Community School,1,0,0,3,11,Mixed,Mixed,Does not apply,Not applicable,6,53.7827949,-1.6106416
107964,383,2488,3832488,Park Spring Primary School,Wellstone Avenue,Pudsey,,Leeds,LS13 4EH,0113 2576589,1,,,0,Maintained School,Community School,1,0,0,3,11,Mixed,Mixed,Does not apply,Not applicable,6,53.79927199999999,-1.6369936
107965,383,2489,3832489,Raynville Primary School,Cross Aston Grove,Bramley,,Leeds,LS13 2TQ,0113 2579590,1,,,0,Maintained School,Community School,1,0,0,3,11,Mixed,Mixed,Does not apply,Not applicable,6,53.80806889999999,-1.6191745
107966,383,2490,3832490,Stanningley Primary School,Leeds and Bradford Road,Stanningley,,Pudsey,LS28 6PE,0113 2557677,1,,,0,Maintained School,Community School,1,0,0,3,11,Mixed,Mixed,Does not apply,Not applicable,6,53.8096833,-1.6524247
107967,383,2491,3832491,Summerfield Primary School,Intake Lane,,,Leeds,LS13 1DQ,0113 2057520,1,,,0,Maintained School,Community School,1,0,0,3,11,Mixed,Mixed,Does not apply,Not applicable,6,53.8133851,-1.6535595
107968,383,2492,3832492,Five Lanes Primary School,Stradbroke Way,Wortley,,Leeds,LS12 4NB,0113 2790122,1,,,0,Maintained School,Community School,1,0,0,3,11,Mixed,Mixed,Does not apply,Not applicable,6,53.7906445,-1.589646
107969,383,2493,3832493,Whingate Primary School,Whingate Road,,,Leeds,LS12 3DS,0113 2638910,1,,,0,Maintained School,Community School,1,0,0,3,11,Mixed,Mixed,Does not apply,Not applicable,6,53.7938646,-1.6035028
107970,383,2494,3832494,Whitecote Primary School,Wellington Grove,Bramley,,Leeds,LS13 2LQ,0113 2164800,1,,,0,Maintained School,Community School,1,0,0,2,11,Mixed,Mixed,Does not apply,Not applicable,6,53.8178733,-1.6270605
107972,383,2496,3832496,Lower Wortley Primary School,Lower Wortley Road,,,Leeds,LS12 4PX,0113 3230152,1,,,0,Maintained School,Community School,1,0,0,3,11,Mixed,Mixed,Does not apply,Not applicable,6,53.7830932,-1.5997353
107973,383,2497,3832497,Lawns Park Primary School,Chapel Lane,Old Farnley,,Leeds,LS12 5EX,0113 2637364,1,,,0,Maintained School,Community School,1,0,0,3,11,Mixed,Mixed,Does not apply,Not applicable,6,53.7859192,-1.6206916
107975,383,2499,3832499,Greenhill Primary School,Gamble Hill Drive,,,Leeds,LS13 4JJ,0113 2635271,1,,,0,Maintained School,Community School,1,0,0,3,11,Mixed,Mixed,Does not apply,Not applicable,6,53.79925000000001,-1.62276
107977,383,2501,3832501,Ryecroft Primary School,Stonebridge Grove,Farnley,,Leeds,LS12 5AW,0113 2632433,2,,30/04/2014,0,Maintained School,Community School,1,0,0,4,11,Mixed,Mixed,Does not apply,Not applicable,4,53.7909223,-1.6175639
107979,383,2503,3832503,Swinnow Primary School,Swinnow Road,,,Leeds,LS13 4PG,0113 2146080,1,,,0,Maintained School,Community School,1,0,0,3,11,Mixed,Mixed,Does not apply,Not applicable,6,53.8003921,-1.6501024
107980,383,2504,3832504,East Ardsley Primary School,Main Street,East Ardsley,,Wakefield,WF3 2BA,0113 3862510,1,,,0,Maintained School,Community School,1,0,0,3,11,Mixed,Mixed,Does not apply,Not applicable,6,53.7252515,-1.5349794
107981,383,2505,3832505,Farsley Farfield Primary School,Cote Lane,Farsley,,Pudsey,LS28 5ED,0113 2058130,1,,,0,Maintained School,Community School,1,0,0,3,11,Mixed,Mixed,Does not apply,Not applicable,6,53.80974,-1.681198
107982,383,2506,3832506,Rothwell Primary School,Carlton Lane,Rothwell,,Leeds,LS26 0DJ,0113 3862570,1,,,0,Maintained School,Community School,1,0,0,3,11,Mixed,Mixed,Does not apply,Not applicable,6,53.74562599999999,-1.481784
107983,383,2507,3832507,Allerton Bywater Primary School,Leeds Road,Allerton Bywater,,Castleford,WF10 2DR,01977 522620,1,,,0,Maintained School,Foundation School,1,0,0,3,11,Mixed,Mixed,,Not applicable,6,53.7471477,-1.3702785
107984,383,2510,3832510,Sharp Lane Primary School,Sharp Lane,,,Leeds,LS10 4QE,0113 2141702,1,,,0,Maintained School,Community School,1,0,0,3,11,Mixed,Mixed,Does not apply,Not applicable,6,53.7490703,-1.5271209
107985,383,3030,3833030,Aberford Church of England Voluntary Controlled Primary School,School Lane,Aberford,,Leeds,LS25 3BU,0113 2813302,1,,,0,Maintained School,Voluntary Controlled School,1,0,0,4,11,Mixed,Mixed,Church of England,Not applicable,6,53.8007554,-1.5490774
107986,383,3031,3833031,Rawdon St Peter's Church of England Voluntary Controlled Primary School,Town Street,Rawdon,,Leeds,LS19 6PP,0113 2504201,1,,,0,Maintained School,Voluntary Controlled School,1,0,0,4,11,Mixed,Mixed,Church of England,Not applicable,6,53.8007554,-1.5490774
107987,383,3033,3833033,Barwick-in-Elmet Church of England Voluntary Controlled Primary School,Chapel Lane,Barwick-in-Elmet,,Leeds,LS15 4HL,0113 2812132,1,,,0,Maintained School,Voluntary Controlled School,1,0,0,3,11,Mixed,Mixed,Church of England,Not applicable,6,53.8007554,-1.5490774
107989,383,3037,3833037,Harewood Church of England Voluntary Controlled Primary School,Harrogate Road,Harewood,,Leeds,LS17 9LH,0113 2886394,1,,,0,Maintained School,Voluntary Controlled School,1,0,0,5,11,Mixed,Mixed,Church of England,Not applicable,6,53.8007554,-1.5490774
107990,383,3038,3833038,St Margaret's Church of England Voluntary Controlled Primary School,Town Street,Horsforth,,Leeds,LS18 5BL,0113 3862520,1,,,0,Maintained School,Voluntary Controlled School,1,0,0,4,11,Mixed,Mixed,Church of England,Not applicable,6,53.8007554,-1.5490774
107992,383,3040,3833040,Micklefield Church of England Voluntary Controlled Primary School,Great North Road,Micklefield,,Leeds,LS25 4AQ,0113 3368668,1,,,0,Maintained School,Voluntary Controlled School,1,0,0,3,11,Mixed,Mixed,Church of England,Not applicable,6,53.8007554,-1.5490774
107993,383,3043,3833043,Rothwell Church of England Voluntary Controlled Primary School,Queensway,Rothwell,,Leeds,LS26 0NB,0113 2146312,2,,31/03/2014,0,Maintained School,Voluntary Controlled School,1,0,0,4,11,Mixed,Mixed,Church of England,Not applicable,4,53.8007554,-1.5490774
107994,383,3044,3833044,Thorner Church of England Voluntary Controlled Primary School,Kirkhills,Thorner,,Leeds,LS14 3JD,0113 2892541,1,,,0,Maintained School,Voluntary Controlled School,1,0,0,4,11,Mixed,Mixed,Church of England,Not applicable,6,53.8007554,-1.5490774
107995,383,3045,3833045,St James' Church of England Voluntary Controlled Primary School,Hallfield Lane,,,Wetherby,LS22 6JS,01937 583379,1,,,0,Maintained School,Voluntary Controlled School,1,0,0,3,11,Mixed,Mixed,Church of England,Not applicable,6,53.8007554,-1.5490774
107996,383,3046,3833046,Calverley Church of England Voluntary Aided Primary School,Towngate,Calverley,,Pudsey,LS28 5NF,0113 2146101,1,,,0,Maintained School,Voluntary Aided School,1,0,0,4,11,Mixed,Mixed,Church of England,Not applicable,6,53.8007554,-1.5490774
107997,383,3047,3833047,St Mary's Church of England Controlled Primary School Boston Spa,Clifford Road,Boston Spa,,Wetherby,LS23 6DB,01937 844395,1,,,0,Maintained School,Voluntary Controlled School,1,0,0,4,11,Mixed,Mixed,Church of England,Not applicable,6,53.8007554,-1.5490774
108000,383,3051,3833051,Pool-in-Wharfedale Church of England Voluntary Controlled Primary School,Arthington Lane,Pool-in-Wharfedale,,Otley,LS21 1LG,0113 2843151,1,,,0,Maintained School,Voluntary Controlled School,1,0,0,4,11,Mixed,Mixed,Church of England,Not applicable,6,53.8007554,-1.5490774
108001,383,3052,3833052,Burley St Matthias Church of England Voluntary Controlled Primary School,Burley Road,,,Leeds,LS4 2HY,0113 3367401,1,,,0,Maintained School,Voluntary Controlled School,1,0,0,5,11,Mixed,Mixed,Church of England,Not applicable,6,53.8007554,-1.5490774
108002,383,3053,3833053,Middleton St Mary's Church of England Voluntary Controlled Primary School,Moor Flatts Road,,,Leeds,LS10 3SW,0113 2717206,1,,,0,Maintained School,Voluntary Controlled School,1,0,0,3,11,Mixed,Mixed,Church of England,Not applicable,6,53.8007554,-1.5490774
108003,383,3054,3833054,Bramley St Peter's Church of England Primary School,Hough Lane,,,Leeds,LS13 3NE,0113 2559680,1,,,0,Maintained School,Voluntary Aided School,1,0,0,5,11,Mixed,Mixed,Church of England,Not applicable,6,53.8007554,-1.5490774
108004,383,3055,3833055,Christ Church Upper Armley Church of England Voluntary Controlled Primary School,Theaker Lane,,,Leeds,LS12 3NU,0113 2638606,1,,,0,Maintained School,Voluntary Controlled School,1,0,0,4,11,Mixed,Mixed,Church of England,Not applicable,6,53.8007554,-1.5490774
108005,383,3056,3833056,St Bartholomew's CofE Voluntary Controlled Primary School,Strawberry Lane,Tong Road,Armley,Leeds,LS12 1SF,0113 2639292,1,,,0,Maintained School,Voluntary Controlled School,1,0,0,3,11,Mixed,Mixed,Church of England,Not applicable,6,53.8007554,-1.5490774
108006,383,3315,3833315,St Chad's Church of England Primary School,Northolme Avenue,,,Leeds,LS16 5QR,0113 2144519,2,,31/10/2014,0,Maintained School,Voluntary Aided School,1,0,0,3,11,Mixed,Mixed,Church of England,Not applicable,2,53.8328239,-1.5976842
108007,383,3329,3833329,Roundhay St John's Church of England Primary School,18 North Lane,,,Leeds,LS8 2QJ,0113 2658451,1,,,0,Maintained School,Voluntary Aided School,1,0,0,3,11,Mixed,Mixed,Church of England,Not applicable,6,53.8274777,-1.4958762
108008,383,3350,3833350,St Oswald's Church of England Junior School,The Green,Guiseley,,Leeds,LS20 9BT,01943 873570,1,,,0,Maintained School,Voluntary Aided School,1,0,0,7,11,Mixed,Mixed,Church of England,Not applicable,6,53.8722807,-1.7069601
108009,383,3351,3833351,Hawksworth Church of England Primary School,Main Street,Hawksworth,Near Guiseley,Leeds,LS20 8NX,01943 872808,1,,,0,Maintained School,Voluntary Aided School,1,0,0,4,11,Mixed,Mixed,Church of England,Not applicable,6,53.8719745,-1.7502986
108010,383,3356,3833356,"Lady Elizabeth Hastings' Church of England Primary School, Thorp Arch",Dowkell Lane,Thorp Arch,,Wetherby,LS23 7AQ,01937 842566,1,,,0,Maintained School,Voluntary Aided School,1,0,0,5,11,Mixed,Mixed,Church of England,Not applicable,6,53.9103,-1.34161
108011,383,3357,3833357,Collingham Lady Elizabeth Hastings' Church of England Primary School,Linton Road,Collingham,,Wetherby,LS22 5BS,01937 573117,1,,,0,Maintained School,Voluntary Aided School,1,0,0,5,11,Mixed,Mixed,Church of England,Not applicable,6,53.8007554,-1.5490774
108012,383,3358,3833358,"St Edward's Catholic Primary School, Boston Spa",Westwood Way,Boston Spa,,Wetherby,LS23 6DL,01937 843946,1,,,0,Maintained School,Voluntary Aided School,1,0,0,4,11,Mixed,Mixed,Roman Catholic,Not applicable,6,53.9044002,-1.3522257
108016,383,3362,3833362,"St Francis Catholic Primary School, Morley",Highcliffe Road,Morley,,Leeds,LS27 9LX,0113 3230554,1,,,0,Maintained School,Voluntary Aided School,1,0,0,3,11,Mixed,Mixed,Roman Catholic,Not applicable,6,53.7467476,-1.6096652
108018,383,3364,3833364,Rothwell St Mary's RC Primary School,Royds Lane,Rothwell,,Leeds,LS26 0BJ,0113 2828182,1,,,0,Maintained School,Voluntary Aided School,1,0,0,5,11,Mixed,Mixed,Roman Catholic,Not applicable,6,53.7461795,-1.4747245
108020,383,3366,3833366,"St Joseph's Catholic Primary School, Wetherby",Barley Fields Road,,,Wetherby,LS22 6PR,01937 582163,1,,,0,Maintained School,Voluntary Aided School,1,0,0,3,11,Mixed,Mixed,Roman Catholic,Not applicable,6,53.93334220000001,-1.3909694
108021,383,3367,3833367,"St Anthony's Catholic Primary School, Beeston",Barkly Road,Beeston,,Leeds,LS11 7JS,0113 2776944,1,,,0,Maintained School,Voluntary Aided School,1,0,0,4,11,Mixed,Mixed,Roman Catholic,Not applicable,6,53.7673961,-1.5661172
108022,383,3368,3833368,St Augustine's Catholic Primary School,St Wilfrid's Circus,,,Leeds,LS8 3PF,0113 2930350,1,,,0,Maintained School,Voluntary Aided School,1,0,0,3,11,Mixed,Mixed,Roman Catholic,Not applicable,6,53.813868,-1.506367
108023,383,3369,3833369,Christ The King Catholic Primary School,Kings Approach,Bramley,,Leeds,LS13 2DX,0113 2146106,1,,,0,Maintained School,Voluntary Aided School,1,0,0,5,11,Mixed,Mixed,Roman Catholic,Not applicable,6,53.8007554,-1.5490774
108024,383,3370,3833370,Corpus Christi Catholic Primary School,Halton Moor Avenue,,,Leeds,LS9 0HA,0113 2483095,1,,,0,Maintained School,Voluntary Aided School,1,0,0,4,11,Mixed,Mixed,Roman Catholic,Not applicable,6,53.79708129999999,-1.4860625
108025,383,3371,3833371,St Francis of Assisi Catholic Primary School,Lady Pit Lane,Beeston,,Leeds,LS11 6RX,0113 2700978,1,,,0,Maintained School,Voluntary Aided School,1,0,0,3,11,Mixed,Mixed,Roman Catholic,Not applicable,6,53.778758,-1.547689
108026,383,3372,3833372,Holy Family Catholic Primary School,Parliament Road,Armley,,Leeds,LS12 2LH,0113 2143565,1,,,0,Maintained School,Voluntary Aided School,1,0,0,3,11,Mixed,Mixed,Roman Catholic,Not applicable,6,53.7963977,-1.5809067
108027,383,3373,3833373,St Urban's Catholic Primary School,Tongue Lane,,,Leeds,LS6 4QD,0113 2934477,1,,,0,Maintained School,Voluntary Aided School,1,0,0,5,11,Mixed,Mixed,Roman Catholic,Not applicable,6,53.8007554,-1.5490774
108028,383,3374,3833374,"St Joseph's Catholic Primary School, Hunslet",Joseph Street,,,Leeds,LS10 2AD,0113 2712093,1,,,0,Maintained School,Voluntary Aided School,1,0,0,4,11,Mixed,Mixed,Roman Catholic,Not applicable,6,53.783501,-1.534716
108029,383,3375,3833375,St Nicholas Catholic Primary School,Oakwood Lane,,,Leeds,LS9 6QY,0113 2930318,1,,,0,Maintained School,Voluntary Aided School,1,0,0,4,11,Mixed,Mixed,Roman Catholic,Not applicable,6,53.8115299,-1.4891833
108030,383,3376,3833376,Our Lady of Good Counsel Catholic Primary School,Pigeon Cote Road,Seacroft,,Leeds,LS14 1EP,0113 2144123,1,,,0,Maintained School,Voluntary Aided School,1,0,0,3,11,Mixed,Mixed,Roman Catholic,Not applicable,6,53.825111,-1.4683398
108031,383,3377,3833377,Sacred Heart Catholic Primary School,Eden Way,Argie Avenue,,Leeds,LS4 2TF,0113 3368003,1,,,0,Maintained School,Voluntary Aided School,1,0,0,3,11,Mixed,Mixed,Roman Catholic,Not applicable,6,53.8118498,-1.5955473
108032,383,3378,3833378,St Paul's Catholic Primary School,Buckstone Crescent,Alwoodley,,Leeds,LS17 5ES,0113 2939901,1,,,0,Maintained School,Voluntary Aided School,1,0,0,5,11,Mixed,Mixed,Roman Catholic,Not applicable,6,53.851745,-1.5590737
108033,383,3379,3833379,St Philip's Catholic Primary and Nursery School,St Philips Avenue,,,Leeds,LS10 3SL,0113 2716763,1,,,0,Maintained School,Voluntary Aided School,1,0,0,3,11,Mixed,Mixed,Roman Catholic,Not applicable,6,53.74970930000001,-1.5477573
108034,383,3380,3833380,Holy Name Catholic Primary School,Otley Old Road,,,Leeds,LS16 6NF,0113 2936444,1,,,0,Maintained School,Voluntary Aided School,1,0,0,4,11,Mixed,Mixed,Roman Catholic,Not applicable,6,53.8471625,-1.6044992
108035,383,3381,3833381,Immaculate Heart of Mary Catholic Primary School,292 Harrogate Road,,,Leeds,LS17 6SX,0113 2660728,1,,,0,Maintained School,Voluntary Aided School,1,0,0,5,11,Mixed,Mixed,Roman Catholic,Not applicable,6,53.8375712,-1.5360932
108036,383,3382,3833382,St Patrick Catholic Primary School,Torre Road,,,Leeds,LS9 7QL,0113 2480380,1,,,0,Maintained School,Voluntary Aided School,1,0,0,5,11,Mixed,Mixed,Roman Catholic,Not applicable,6,53.8003847,-1.5122187
108037,383,3383,3833383,Holy Rosary and St Anne's Catholic Primary School,Leopold Street,Chapeltown,,Leeds,LS7 4AW,0113 3368433,1,,,0,Maintained School,Voluntary Aided School,1,0,0,3,11,Mixed,Mixed,Roman Catholic,Not applicable,6,53.8119325,-1.5331305
108039,383,3385,3833385,St Theresa's Catholic Primary School,Barwick Road,Crossgates,,Leeds,LS15 8RQ,0113 2930240,1,,,0,Maintained School,Voluntary Aided School,1,0,0,3,11,Mixed,Mixed,Roman Catholic,Not applicable,6,53.8152157,-1.4514399
108041,383,3902,3833902,Adel St John the Baptist Church of England Primary School,Long Causeway,Adel,,Leeds,LS16 8EX,0113 2141040,1,,,0,Maintained School,Voluntary Aided School,1,0,0,4,11,Mixed,Mixed,Church of England,Not applicable,6,53.8528177,-1.580866
108042,383,3903,3833903,Cookridge Holy Trinity Church of England Primary School,Green Lane,,,Leeds,LS16 7EZ,0113 2253040,1,,,0,Maintained School,Voluntary Aided School,1,0,0,4,11,Mixed,Mixed,Church of England,Not applicable,6,53.8007554,-1.5490774
108043,383,3904,3833904,Kirkstall St Stephen's Church of England Primary School,Morris Lane,,,Leeds,LS5 3JD,0113 3821960,1,,,0,Maintained School,Voluntary Aided School,1,0,0,4,11,Mixed,Mixed,Church of England,Not applicable,6,53.8007554,-1.5490774
108046,383,3907,3833907,Meanwood Church of England Primary School,Green Road,,,Leeds,LS6 4LD,0113 2755883,1,,,0,Maintained School,Voluntary Aided School,1,0,0,4,11,Mixed,Mixed,Church of England,Not applicable,6,53.8313847,-1.5733892
108047,383,3908,3833908,St Matthew's Church of England Aided Primary School,Wood Lane,,,Leeds,LS7 3QF,0113 2681489,1,,,0,Maintained School,Voluntary Aided School,1,0,0,4,11,Mixed,Mixed,Church of England,Not applicable,6,53.83141990000001,-1.5423495
108048,383,3909,3833909,All Saint's Richmond Hill Church of England Primary School,Cross Aysgarth Mount,,,Leeds,LS9 9AD,0113 2359260,1,,,0,Maintained School,Voluntary Aided School,1,0,0,3,11,Mixed,Mixed,Church of England,Not applicable,6,53.8007554,-1.5490774
108050,383,3911,3833911,"St Peter's Church of England Primary School, Leeds",Cromwell Street,,,Leeds,LS9 7SG,0113 2934411,1,,,0,Maintained School,Voluntary Aided School,1,0,0,3,11,Mixed,Mixed,Church of England,Not applicable,6,53.850122,-1.6703276
108051,383,3912,3833912,Whinmoor St Paul's Church of England Primary School,Whinmoor Crescent,,,Leeds,LS14 1EG,0113 2657250,1,,,0,Maintained School,Voluntary Aided School,1,0,0,3,11,Mixed,Mixed,Church of England,Not applicable,6,53.8007554,-1.5490774
108052,383,3913,3833913,Beeston Hill St Luke's Church of England Primary School,Beeston Road,,,Leeds,LS11 8ND,0113 2433375,1,,,0,Maintained School,Voluntary Aided School,1,0,0,3,11,Mixed,Mixed,Church of England,Not applicable,6,53.78251729999999,-1.552901
108053,383,3914,3833914,Hunslet St Mary's Church of England Primary School,Church Street,,,Leeds,LS10 2QY,0113 2717204,1,,,0,Maintained School,Voluntary Aided School,1,0,0,5,11,Mixed,Mixed,Church of England,Not applicable,6,53.7775543,-1.5285952
108054,383,3915,3833915,Brodetsky Primary School,George Lyttleton Centre,Wentworth Avenue,,Leeds,LS17 7TN,0113 2930578,1,,,0,Maintained School,Voluntary Aided School,1,0,0,3,11,Mixed,Mixed,Jewish,Not applicable,6,53.853741,-1.543707
108055,383,4006,3834006,Lawnswood School,Ring Road,West Park,,Leeds,LS16 5AG,0113 2844020,1,,,0,Maintained School,Community School,0,1,1,11,18,Mixed,Mixed,Does not apply,Comprehensive,6,53.8361542,-1.5951888
108056,383,4031,3834031,City of Leeds School,Bedford Field,Woodhouse Cliff,,Leeds,LS6 2LG,0113 3368310,2,,31/07/2014,0,Maintained School,Community School,0,1,1,11,18,Mixed,Mixed,Does not apply,Comprehensive,4,53.8177794,-1.5583209
108057,383,4032,3834032,Allerton High School,King Lane,,,Leeds,LS17 7AG,0113 2034770,1,,,0,Maintained School,Community School,0,1,1,11,18,Mixed,Mixed,Does not apply,Comprehensive,6,53.850002,-1.55316
108058,383,4040,3834040,Allerton Grange School,Talbot Avenue,,,Leeds,LS17 6SF,0113 3930304,1,,,0,Maintained School,Community School,0,1,1,11,18,Mixed,Mixed,Does not apply,Comprehensive,6,53.84194,-1.520098
108059,383,4041,3834041,"Carr Manor Community School, Specialist Sports College",Carr Manor Road,,,Leeds,LS17 5DJ,0113 3368400,1,,,0,Maintained School,Community School,1,1,1,4,18,Mixed,Mixed,Does not apply,Comprehensive,6,53.8007554,-1.5490774
108063,383,4045,3834045,John Smeaton Community College,Smeaton Approach,Barwick Road,,Leeds,LS15 8TA,0113 3368363,2,,31/12/2013,0,Maintained School,Community School,0,1,1,11,18,Mixed,Mixed,Does not apply,Comprehensive,4,53.8007554,-1.5490774
108064,383,4046,3834046,Temple Moor High School Science College,Field End Grove,Selby Road,,Leeds,LS15 0PT,0113 3900770,1,,,0,Maintained School,Foundation School,0,1,1,11,18,Mixed,Mixed,,Comprehensive,6,53.8007554,-1.5490774
108065,383,4047,3834047,Cockburn,Parkside,Gipsy Lane,,Leeds,LS11 5TT,0113 2719962,1,,,0,Maintained School,Foundation School,0,1,0,11,16,Mixed,Mixed,Does not apply,Comprehensive,6,53.778288,-1.5419541
108075,383,4062,3834062,Ralph Thoresby School,Holtdale Approach,,,Leeds,LS16 7RX,0113 3368181,1,,,0,Maintained School,Foundation School,0,1,1,11,18,Mixed,Mixed,Does not apply,Comprehensive,6,53.854713,-1.6093439
108076,383,4063,3834063,Roundhay School,Gledhow Lane,Roundhay,,Leeds,LS8 1ND,0113 3931200,1,,,0,Maintained School,Community School,1,1,1,4,18,Mixed,Mixed,Does not apply,Comprehensive,6,53.82945309999999,-1.5145725
108079,383,4102,3834102,Pudsey Grangefield School,Mount Pleasant,,,Pudsey,LS28 7ND,0113 2296000,1,,,0,Maintained School,Foundation School,0,1,1,11,18,Mixed,Mixed,Does not apply,Comprehensive,6,53.7993867,-1.6622513
108081,383,4104,3834104,Royds School,Pennington Lane,Oulton,,Leeds,LS26 8EX,0113 2059559,1,,,0,Maintained School,Foundation School,0,1,1,11,18,Mixed,Mixed,Does not apply,Comprehensive,6,53.7372406,-1.4589379
108083,383,4106,3834106,Benton Park School,Harrogate Road,Rawdon,,Leeds,LS19 6LX,0113 2502330,1,,,0,Maintained School,Community School,0,1,1,11,18,Mixed,Mixed,Does not apply,Comprehensive,6,53.8572682,-1.6839455
108085,383,4108,3834108,Guiseley School,Fieldhead Road,Guiseley,,Leeds,LS20 8DT,01943 872315,1,,,0,Maintained School,Community School,0,1,1,11,18,Mixed,Mixed,Does not apply,Comprehensive,6,53.871206,-1.717707
108086,383,4109,3834109,Bruntcliffe School,Bruntcliffe Lane,Morley,,Leeds,LS27 0LZ,0113 2523225,1,,,0,Maintained School,Foundation School,0,1,1,11,18,Mixed,Mixed,Does not apply,Comprehensive,6,53.74559989999999,-1.6192932
108087,383,4110,3834110,Priesthorpe School,Priesthorpe Lane,Farsley,,Pudsey,LS28 5SG,0113 2574115,1,,,0,Maintained School,Foundation School,0,1,1,11,18,Mixed,Mixed,Does not apply,Comprehensive,6,53.8099538,-1.6878777
108088,383,4111,3834111,Wetherby High School,Hallfield Lane,,,Wetherby,LS22 6JS,01937 522500,1,,,0,Maintained School,Foundation School,0,1,1,11,18,Mixed,Mixed,,Comprehensive,6,53.9298376,-1.3804539
108090,383,4113,3834113,Brigshaw High School and Language College,Brigshaw Lane,Allerton Bywater,,Castleford,WF10 2HR,0113 3368100,1,,,0,Maintained School,Foundation School,0,1,1,11,18,Mixed,Mixed,,Comprehensive,6,53.7570665,-1.3810302
108091,383,4114,3834114,Boston Spa School,Clifford Moor Road,Boston Spa,,Wetherby,LS23 6RW,01937 846636,1,,,0,Maintained School,Foundation School,0,1,1,11,18,Mixed,Mixed,,Comprehensive,6,53.8997334,-1.3618989
108095,383,4751,3834751,Cardinal Heenan Catholic High School,Tongue Lane,Meanwood,,Leeds,LS6 4QE,0113 8873240,1,,,0,Maintained School,Voluntary Aided School,0,1,0,11,16,Mixed,Mixed,Roman Catholic,Comprehensive,6,53.8386751,-1.5603715
108096,383,4752,3834752,Corpus Christi Catholic College,Neville Road,,,Leeds,LS9 0TT,0113 29009010,1,,,0,Maintained School,Voluntary Aided School,0,1,0,11,16,Mixed,Mixed,Roman Catholic,Comprehensive,6,53.7968062,-1.4858632
108097,383,4753,3834753,Mount St Mary's Catholic High School,Ellerby Road,,,Leeds,LS9 8LA,0113 2455248,1,,,0,Maintained School,Voluntary Aided School,0,1,0,11,16,Mixed,Mixed,Roman Catholic,Comprehensive,6,53.79386,-1.52688
108100,383,5200,3835200,Lady E Hastings CofE Primary School,Green Lane,Ledston,,Castleford,WF10 2BD,01977 557758,1,,,0,Maintained School,Voluntary Aided School,1,0,0,5,11,Mixed,Mixed,Church of England,Not applicable,6,53.9085982,-1.4167943
108102,383,6002,3836002,Moorlands School,Fox Hill Drive,Weetwood Lane,,Leeds,LS16 5PF,0113 2785286,1,,,0,Independent School,Other Independent School,1,1,0,2,13,Mixed,Mixed,,Not collected,6,53.8408842,-1.5799738
108103,383,6004,3836004,Richmond House School,170 Otley Road,Far Headingley,,Leeds,LS16 5LG,0113 2752670,1,,,0,Independent School,Other Independent School,1,0,0,2,11,Mixed,Mixed,Christian,Not collected,6,53.8309122,-1.5870601
108104,383,6007,3836007,Gateways School,Harewood,,,Leeds,LS17 9LE,0113 2886345,1,,,0,Independent School,Other Independent School,1,1,1,2,19,Mixed,Mixed,Church of England,Not collected,6,53.8991178,-1.5102488
108108,383,6057,3836057,The Froebelian School,Clarence Road,Horsforth,,Leeds,LS18 4LB,0113 2583047,1,,,0,Independent School,Other Independent School,1,0,0,3,11,Mixed,Mixed,Christian,Not collected,6,53.8311486,-1.6383085
108109,383,6098,3836098,Queenswood School,Queen Street,Morley,,Leeds,LS27 9EB,0113 2534033,1,,,0,Independent School,Other Independent School,1,0,0,4,11,Mixed,Mixed,Christian,Not collected,6,53.7438711,-1.600212
108110,383,6099,3836099,Leeds Menorah School,399 Street Lane,,,Leeds,LS17 6HQ,0113 2697709,1,,,0,Independent School,Other Independent School,1,1,0,3,16,Mixed,Mixed,Jewish,Non selective,6,53.8441547,-1.5265015
108113,383,6112,3836112,The Grammar School At Leeds,Alwoodley Gates,Harrogate Road,,Leeds,LS17 8GS,0113 2291552,1,,,0,Independent School,Other Independent School,1,1,1,3,19,Mixed,Mixed,Church of England/Christian,Not collected,6,53.8650546,-1.5199573
108114,383,6113,3836113,Woodhouse Grove School,Apperley Bridge,,,Bradford,BD10 0NR,0113 2502477,1,,,0,Independent School,Other Independent School,1,1,1,3,18,Mixed,Mixed,Methodist,Not collected,6,53.840143,-1.700381
108117,383,6117,3836117,Fulneck School,Fulneck,,,Pudsey,LS28 8DS,0113 2570235,1,,,0,Independent School,Other Independent School,1,1,1,3,19,Mixed,Mixed,Moravian,Not collected,6,53.8007554,-1.5490774
108119,383,7015,3837015,John Jamieson School,Hollin Hill Drive,,,Leeds,LS8 2PW,0113 2930236,1,,,0,Special School,Community Special School,1,1,1,2,19,Mixed,Mixed,Does not apply,Not applicable,6,53.8233116,-1.4945188
108120,383,7016,3837016,St John's Catholic School for the Deaf (Boston Spa),Church Street,Boston Spa,,Wetherby,LS23 6DF,01937 842144,1,,,0,Special School,Non-Maintained Special School,1,1,1,3,19,Mixed,Mixed,Does not apply,Not applicable,6,53.8999799,-1.3506432
108123,383,7062,3837062,Broomfield South SILC,Broom Place,,,Leeds,LS10 3JP,0113 2771603,1,,,0,Special School,Community Special School,1,1,1,4,19,Mixed,Mixed,Does not apply,Not applicable,6,53.7567773,-1.5233039
108129,383,7068,3837068,"Elmete Wood - BESD SILC (Behaviour, Emotional, Social Difficulties Specialist Learning Centre)",Elmete Lane,,,Leeds,LS8 2LJ,0113 2655457,1,,,0,Special School,Community Special School,0,1,0,11,16,Mixed,Mixed,Does not apply,Not applicable,6,53.83492219999999,-1.4849003
108133,383,7072,3837072,West Oaks Sen Specialist School and College,Westwood Way,Boston Spa,,Wetherby,LS23 6DX,01937 844772,1,,,0,Special School,Community Special School,1,1,1,2,19,Mixed,Mixed,Does not apply,Not applicable,6,53.8007554,-1.5490774
121791,383,3927,3833927,The New Bewerley Community Primary School,Bismarck Drive,Beeston,,Leeds,LS11 6TB,0113 8878718,1,,,0,Maintained School,Community School,1,0,0,4,11,Mixed,Mixed,Does not apply,Not applicable,6,53.8007554,-1.5490774
130274,383,6119,3836119,New Horizon Community School,Newton Hill House,Newton Hill Road,,Leeds,LS7 4JE,0113 2624001,1,,,0,Independent School,Other Independent School,0,1,0,11,16,Girls,Girls,Muslim,Non selective,6,53.8007554,-1.5490774
130542,383,8008,3838008,Leeds College of Building,North Street,,,Leeds,LS2 7QT,0113 2226000,1,,,0,College,General Further Education College,0,0,1,16,99,Mixed,Mixed,Does not apply,Not applicable,6,53.76902,-1.503614
130548,383,8600,3838600,Notre Dame Catholic Sixth Form College,St Mark's Avenue,,,Leeds,LS2 9BL,0113 2946644,1,,,0,College,Further Education Sector Institution,0,0,1,16,99,Mixed,Mixed,Roman Catholic,Not applicable,6,53.8106068,-1.5526061
131111,383,3928,3833928,Valley View Community Primary School,Coal Hill Drive,Rodley,,Leeds,LS13 1DD,0113 2554972,1,,,0,Maintained School,Community School,1,0,0,5,11,Mixed,Mixed,Does not apply,Not applicable,6,53.81680799999999,-1.65773
131467,383,2801,3832801,Kippax Ash Tree Primary School,Gibson Lane,Kippax,,Leeds,LS25 7JL,0113 3862590,1,,,0,Maintained School,Foundation School,1,0,0,3,11,Mixed,Mixed,,Not applicable,6,53.7689628,-1.3650774
131570,383,3929,3833929,Shire Oak VC Primary School,Wood Lane,Headingley,,Leeds,LS6 2DT,0113 2755890,1,,,0,Maintained School,Voluntary Controlled School,1,0,0,4,11,Mixed,Mixed,Church of England,Not applicable,6,53.8007554,-1.5490774
131898,383,6905,3836905,David Young Community Academy,"Bishop's Way, Off North Parkway",Seacroft,,Leeds,LS14 6NU,0113 2739100,1,,,0,Academy (including Free Schools),Academy Sponsor Led,0,1,1,11,18,Mixed,Mixed,Church of England,Comprehensive,6,53.81984259999999,-1.4765346
132795,383,2512,3832512,Asquith Primary School,Horsfall Street,Morley,,Leeds,LS27 9QY,0113 3075550,1,,,0,Maintained School,Community School,1,0,0,3,11,Mixed,Mixed,Does not apply,Not applicable,6,53.7554002,-1.610486
133555,383,2513,3832513,Otley All Saints CofE Primary School,Lisker Drive,,,Otley,LS21 1DF,01943 464703,1,,,0,Maintained School,Voluntary Controlled School,1,0,0,3,11,Mixed,Mixed,Church of England,Not applicable,6,53.9026126,-1.6821098
134317,383,2002,3832002,Rufford Park Primary School,Rufford Avenue,Yeadon,,Leeds,LS19 7QR,0113 3910906,1,,,0,Maintained School,Foundation School,1,0,0,5,11,Mixed,Mixed,Does not apply,Not applicable,6,53.8633169,-1.6841593
134319,383,3916,3833916,Methley Primary School,Savile Road,Methley,,Leeds,LS26 9HT,0113 3862540,1,,,0,Maintained School,Community School,1,0,0,3,11,Mixed,Mixed,Does not apply,Not applicable,6,53.73831449999999,-1.3955565
134405,383,3917,3833917,Strawberry Fields Primary School,Lidgett Lane,Garforth,,Leeds,LS25 1LL,0113 2320796,1,,,0,Maintained School,Foundation School,1,0,0,3,11,Mixed,Mixed,,Not applicable,6,53.7900246,-1.3923671
134406,383,3918,3833918,Blackgates Primary School,Smithy Lane,Tingley,,Wakefield,WF3 1QQ,0113 8878155,1,,,0,Maintained School,Community School,1,0,0,2,11,Mixed,Mixed,Does not apply,Not applicable,6,53.7289889,-1.5659084
134407,383,3921,3833921,Drighlington Primary School,Moorland Road,Drighlington,,Bradford,BD11 1JY,0113 2853000,1,,,0,Maintained School,Community School,1,0,0,3,11,Mixed,Mixed,Does not apply,Not applicable,6,53.7531639,-1.6613474
134408,383,3920,3833920,Pudsey Waterloo Primary,Victoria Road,,,Pudsey,LS28 7SR,0113 3230342,1,,,0,Maintained School,Community School,1,0,0,3,11,Mixed,Mixed,Does not apply,Not applicable,6,53.7949768,-1.6769309
134432,383,6122,3836122,Focus School - Boston Spa Campus,27 Church Street,,Boston Spa,Leeds,LS23 6DW,01937 849636,2,,03/11/2014,0,Independent School,Other Independent School,1,1,1,7,18,Mixed,Mixed,Christian,Not collected,5,53.8007554,-1.5490774
134513,383,3922,3833922,Hollybush Primary,Broad Lane,Bramley,,Leeds,LS13 2JJ,0113 3862470,1,,,0,Maintained School,Community School,1,0,0,2,11,Mixed,Mixed,Does not apply,Not applicable,6,53.8138301,-1.6168153
134516,383,3923,3833923,Meadowfield Primary School,Halton Moor Avenue,,,Leeds,LS9 0JY,0113 3368010,1,,,0,Maintained School,Foundation School,1,0,0,3,11,Mixed,Mixed,,Not applicable,6,53.7942359,-1.4901047
134884,383,7074,3837074,West Specialist Inclusive Learning Centre,4 Town Street,Stanningley,,Pudsey,LS28 6HL,0113 3862450,1,,,0,Special School,Community Special School,1,1,1,2,19,Mixed,Mixed,Does not apply,Not applicable,6,53.8080341,-1.6585645
134885,383,7073,3837073,North West Specialist Inclusive Learning Centre,Tongue Lane,Meanwood,,Leeds,LS6 4QD,0113 3368270,1,,,0,Special School,Community Special School,1,1,1,2,19,Mixed,Mixed,Does not apply,Not applicable,6,53.8080341,-1.6585645
134913,383,3925,3833925,Great Preston VC CofE Primary School,Preston Lane,Great Preston,,Leeds,LS26 8AR,0113 2320034,1,,,0,Maintained School,Voluntary Controlled School,1,0,0,5,11,Mixed,Mixed,Church of England,Not applicable,6,53.8007554,-1.5490774
134973,383,3926,3833926,Fountain Primary School,Fountain Street,Morley,,Leeds,LS27 0AW,0113 8878235,1,,,0,Maintained School,Community School,1,0,0,3,11,Mixed,Mixed,Does not apply,Not applicable,6,53.7389356,-1.6101798
135162,383,3930,3833930,Mill Field Primary School,Potternewton Mount,,,Leeds,LS7 2DR,0113 2620021,1,,,0,Maintained School,Community School,1,0,0,3,11,Mixed,Mixed,Does not apply,Not applicable,6,53.8236175,-1.5495595
135210,383,3931,3833931,Allerton CofE Primary School,Lingfield Approach,,,Leeds,LS17 7HL,0113 2930699,1,,,0,Maintained School,Voluntary Controlled School,1,0,0,2,11,Mixed,Mixed,Church of England,Not applicable,6,53.8490269,-1.548963
135771,383,8025,3838025,Leeds City College,Cookridge Street,,Leeds City College Technology Campus,Leeds,LS2 8BL,0113 2976464,1,,,0,College,General Further Education College,0,0,1,16,99,Mixed,Mixed,,Not applicable,6,53.8005969,-1.5584291
135935,383,6906,3836906,Leeds West Academy,Intake Lane,,Rodley,Leeds,LS13 1DQ,0113 2295454,1,,,0,Academy (including Free Schools),Academy Sponsor Led,0,1,1,11,19,Mixed,Mixed,Does not apply,Comprehensive,6,53.81406920000001,-1.6541183
135969,383,6907,3836907,South Leeds Academy,Old Run Road,,,Leeds,LS10 2JU,0113 2127147,1,,,0,Academy (including Free Schools),Academy Sponsor Led,0,1,1,11,19,Mixed,Mixed,Does not apply,Comprehensive,6,53.7657726,-1.5378074
136326,383,2396,3832396,Green Lane Primary Academy,Ribblesdale Avenue,Garforth,,Leeds,LS25 2JX,0113 2127107,1,,,0,Academy (including Free Schools),Academy - Converter Mainstream,1,0,0,3,11,Mixed,Mixed,,Not applicable,6,53.788964,-1.367576
136343,383,4112,3834112,Garforth Academy,Lidgett Lane,Garforth,,Leeds,LS25 1LJ,0113 2127127,1,,,0,Academy (including Free Schools),Academy - Converter Mainstream,0,1,1,11,18,Mixed,Mixed,,Comprehensive,6,53.78716009999999,-1.391353
136392,383,4101,3834101,The Morley Academy,Fountain Street,Morley,,Leeds,LS27 0PD,0113 2532952,1,,,0,Academy (including Free Schools),Academy - Converter Mainstream,0,1,1,11,18,Mixed,Mixed,Does not apply,Comprehensive,6,53.74249349999999,-1.6075679
136826,383,4000,3834000,Leeds East Academy,South Parkway,Seacroft,,Leeds,LS14 6TY,0113 2731964,1,,,0,Academy (including Free Schools),Academy Sponsor Led,0,1,1,11,19,Mixed,Mixed,Does not apply,Comprehensive,6,53.815817,-1.461857
137065,383,4065,3834065,The Co-operative Academy of Leeds,Stoney Rock Lane,,,Leeds,LS9 7HD,0113 3807940,1,,,1,Academy (including Free Schools),Academy Sponsor Led,0,1,1,11,18,Mixed,Mixed,Does not apply,Comprehensive,6,53.8026164,-1.5209492
137083,383,5400,3835400,Abbey Grange Church of England Academy,Butcher Hill,,,Leeds,LS16 5EA,0113 2757877,1,,,0,Academy (including Free Schools),Academy - Converter Mainstream,0,1,1,11,18,Mixed,Mixed,Church of England,Comprehensive,6,53.8344184,-1.6113858
137383,383,4105,3834105,Woodkirk Academy,Rein Road,Tingley,,Wakefield,WF3 1JQ,0113 3368140,1,,,0,Academy (including Free Schools),Academy - Converter Mainstream,0,1,1,11,18,Mixed,Mixed,Does not apply,Comprehensive,6,53.7294753,-1.5855759
137577,383,4026,3834026,The Farnley Academy,Chapel Lane,Farnley,,Leeds,LS12 5EU,0113 2630741,1,,,1,Academy (including Free Schools),Academy Sponsor Led,0,1,1,11,18,Mixed,Mixed,,Comprehensive,6,53.7836888,-1.6200054
137704,383,4501,3834501,Otley Prince Henry's Grammar School Specialist Language College,Farnley Lane,,,Otley,LS21 2BB,01943 463524,1,,,0,Academy (including Free Schools),Academy - Converter Mainstream,0,1,1,11,18,Mixed,Mixed,,Comprehensive,6,53.8007554,-1.5490774
137775,383,4115,3834115,Horsforth School,Lee Lane East,Horsforth,,Leeds,LS18 5RF,0113 2265454,1,,,0,Academy (including Free Schools),Academy - Converter Mainstream,0,1,1,11,18,Mixed,Mixed,Does not apply,Comprehensive,6,53.8421751,-1.6409932
138304,383,4107,3834107,Crawshaw Academy,Robin Lane,,,Pudsey,LS28 9HU,0113 3368540,1,,,1,Academy (including Free Schools),Academy Sponsor Led,0,1,1,11,18,Mixed,Mixed,Does not apply,Comprehensive,6,53.8007554,-1.5490774
138336,383,4103,3834103,Rodillian Academy,Longthorpe Lane,Lofthouse,,Wakefield,WF3 3PS,0113 3368730,1,,,1,Academy (including Free Schools),Academy - Converter Mainstream,0,1,1,11,18,Mixed,Mixed,Does not apply,Comprehensive,6,53.7305242,-1.5043169
138380,383,7004,3837004,Lighthouse School Leeds,C/O Derek Flatchett City Learning Centre,Bedford Field,Woodhouse Cliff,Leeds,LS6 2LG,0113 2844263,1,,,1,Academy (including Free Schools),Free School - Special,0,1,1,11,19,Mixed,Mixed,Does not apply,Not applicable,6,53.8007554,-1.5490774
138673,383,2005,3832005,Park View Primary Academy,Harlech Road,,,Leeds,LS11 7DG,0113 2716754,1,,,1,Academy (including Free Schools),Academy Sponsor Led,1,0,0,3,11,Mixed,Mixed,,Not applicable,6,53.8007554,-1.5490774
138824,383,3910,3833910,Manston St James Primary Academy,Sandbed Lane,Crossgates,,Leeds,LS15 8JH,0113 2739180,1,,,1,Academy (including Free Schools),Academy - Converter Mainstream,1,0,0,4,11,Mixed,Mixed,Church of England,Not applicable,6,53.8007554,-1.5490774
138893,383,2000,3832000,Lane End Primary School,C/O Cockburn,Parkside,Gipsy Lane,Leeds,LS11 5TT,0113 3368500,1,01/09/2014,,1,Maintained School,Foundation School,1,0,0,3,11,Mixed,Mixed,,Not collected,7,53.8592622,-1.420842
138945,383,3365,3833365,St Benedict's Catholic Primary School,Station Fields,Garforth,,Leeds,LS25 1PS,0113 2869819,1,,,1,Academy (including Free Schools),Academy - Converter Mainstream,1,0,0,3,11,Mixed,Mixed,Roman Catholic,Not applicable,6,53.79535809999999,-1.3832098
138973,383,2006,3832006,Cottingley Primary Academy,Dulverton Grove,Cottingley,,Leeds,LS11 0HU,0113 3368750,1,,,1,Academy (including Free Schools),Academy Sponsor Led,1,0,0,3,11,Mixed,Mixed,Does not apply,Not applicable,6,53.8007554,-1.5490774
138986,383,2007,3832007,Brownhill Primary Academy,Torre Drive,,,Leeds,LS9 7DH,0113 2489539,1,,,1,Academy (including Free Schools),Academy Sponsor Led,1,0,0,3,11,Mixed,Mixed,Does not apply,Not applicable,6,53.8023395,-1.5106952
139015,383,2008,3832008,Woodlands Primary Academy,Foundry Place,Harehills,,Leeds,LS9 6DA,0113 2407382,1,,,1,Academy (including Free Schools),Academy Sponsor Led,1,0,0,3,11,Mixed,Mixed,Does not apply,Not applicable,6,53.811659,-1.505743
139054,383,4037,3834037,Swallow Hill Community College,Whingate Road,Armley,,Leeds,LS12 3DS,0113 2630110,1,,,1,Academy (including Free Schools),Academy Sponsor Led,0,1,1,11,18,Mixed,Mixed,Does not apply,Comprehensive,6,53.79441689999999,-1.6055035
139077,383,2010,3832010,Oakwood Primary Academy,North Farm Road,,,Leeds,LS8 3LZ,0113 2402526,1,,,1,Academy (including Free Schools),Academy Sponsor Led,1,0,0,3,11,Mixed,Mixed,Does not apply,Not applicable,6,53.813232,-1.49783
139282,383,4055,3834055,John Smeaton Academy,Smeaton Approach,Barwick Road,,Leeds,LS15 8TA,0113 3368363,1,01/01/2014,,1,Academy (including Free Schools),Academy Sponsor Led,0,1,1,11,18,Mixed,Mixed,Does not apply,Comprehensive,3,53.8153601,-1.4348111
139350,383,3361,3833361,"St Joseph's Catholic Primary School, Pudsey",Mount Pleasant Road,,,Pudsey,LS28 7AZ,0113 2565407,1,,,1,Academy (including Free Schools),Academy - Converter Mainstream,1,0,0,4,11,Mixed,Mixed,Roman Catholic,Not applicable,6,53.7993935,-1.6581671
139351,383,4601,3834601,"St. Mary's Menston, a Catholic Voluntary Academy",Bradford Road,Menston,,Ilkley,LS29 6AE,01943 883000,1,,,1,Academy (including Free Schools),Academy - Converter Mainstream,0,1,1,11,18,Mixed,Mixed,Roman Catholic,Comprehensive,6,53.8007554,-1.5490774
139352,383,3359,3833359,"St Mary's Catholic Primary School, Horsforth",Broadgate Lane,Horsforth,,Leeds,LS18 5AB,0113 2584593,1,,,1,Academy (including Free Schools),Academy - Converter Mainstream,1,0,0,5,11,Mixed,Mixed,Roman Catholic,Not applicable,6,53.8007554,-1.5490774
139354,383,3363,3833363,"Ss. Peter and Paul Catholic Primary School, A Voluntary Academy",Crofters Lea,Off New Road,Yeadon,Leeds,LS19 7HW,0113 3230419,1,,,1,Academy (including Free Schools),Academy - Converter Mainstream,1,0,0,4,11,Mixed,Mixed,Roman Catholic,Not applicable,6,53.8007554,-1.5490774
139355,383,3360,3833360,"St Joseph's Catholic Primary School, Otley",Manor Square,,,Otley,LS21 3AP,01943 463840,1,,,1,Academy (including Free Schools),Academy - Converter Mainstream,1,0,0,4,11,Mixed,Mixed,Roman Catholic,Not applicable,6,53.9065998,-1.6957607
139646,383,4061,3834061,Leeds City Academy,Bedford Field,Woodhouse Cliff,,Leeds,LS6 2LG,0113 2844260,1,01/08/2014,,1,Academy (including Free Schools),Academy Sponsor Led,0,1,1,11,18,Mixed,Mixed,Does not apply,Comprehensive,3,53.815817,-1.461857
139688,383,2011,3832011,Khalsa Science Academy,192a Chapeltown Road,Chapeltown,,Leeds,LS7 4HZ,0113 8873680,1,,,1,Academy (including Free Schools),Free School - Mainstream,1,0,0,4,11,Mixed,Mixed,,Not applicable,6,53.8007554,-1.5490774
139701,383,2012,3832012,Nightingale Primary Academy,Stanley Road,Harehills,,Leeds,LS9 7AX,,1,01/09/2014,,1,Academy (including Free Schools),Academy Sponsor Led,1,0,0,4,11,Mixed,Mixed,,Not applicable,3,53.8007554,-1.5490774
139733,383,6000,3836000,Eden Park Academy,Barkly Road,,Beeston,Leeds,LS11 7EN,01228 631770,1,,,1,Special School,Other Independent Special School,0,1,0,11,16,Mixed,Mixed,,Not collected,6,53.8007554,-1.5490774
139773,383,4066,3834066,Leeds Jewish Free School,,,,Wentworth Avenue,LS17 7TN,0113 2930578,1,,,1,Academy (including Free Schools),Free School - Mainstream,0,1,1,11,18,Mixed,Mixed,Jewish,Comprehensive,6,53.8007554,-1.5490774
140038,383,6001,3836001,Leeds Christian School of Excellence,Reconciliation Centre,Avenue Hill,,Leeds,LS8 4EX,0796 4693105,1,,,1,Independent School,Other Independent School,1,0,0,6,11,Mixed,Mixed,,Not collected,6,53.8007554,-1.5490774
140068,383,2395,3832395,East Garforth Primary Academy,Aberford Road,East Garforth,,Leeds,LS25 2HF,0113 2127100,1,,,1,Academy (including Free Schools),Academy - Converter Mainstream,1,0,0,3,11,Mixed,Mixed,,Not applicable,6,53.7980528,-1.3679266
140399,383,2013,3832013,Rothwell Church of England Primary Academy,Queensway,Rothwell,,Leeds,LS26 0NB,0113 2739190,1,01/04/2014,,1,Academy (including Free Schools),Academy Sponsor Led,1,0,0,4,11,Mixed,Mixed,Church of England,Not collected,3,53.8007554,-1.5490774
140413,383,2014,3832014,Hillcrest Academy,Cowper Street,,,Leeds,LS7 4DR,0113 2624080,1,01/01/2014,,1,Academy (including Free Schools),Academy Sponsor Led,1,0,0,3,11,Mixed,Mixed,Does not apply,Not applicable,3,53.8007554,-1.5490774
140565,383,4067,3834067,The Ruth Gorse Academy,Fountain Street,,,Leeds,LS27 0PD,0113 2898413,1,01/09/2014,,1,Academy (including Free Schools),Free School - Mainstream,0,1,1,11,19,Mixed,Mixed,,Comprehensive,7,53.743502,-1.6090851
140824,383,2016,3832016,Ryecroft Academy,Stonebridge Grove,Farnley,,Leeds,LS12 5AW,0113 2632433,1,01/05/2014,,1,Academy (including Free Schools),Academy Sponsor Led,1,0,0,4,11,Mixed,Mixed,Does not apply,Not applicable,3,53.8007554,-1.5490774
141521,383,3315,3833315,St Chad's Church of England Primary School,Northolme Avenue,,,Leeds,LS16 5QR,0113 2144519,1,01/11/2014,,1,Academy (including Free Schools),Academy - Converter Mainstream,1,0,0,3,11,Mixed,Mixed,Church of England,Not applicable,1,53.8328239,-1.5976842
141797,383,2321,3832321,Morley Newlands Primary School,Wide Lane,Morley,,Leeds,LS27 8PG,0113 3231890,1,01/03/2015,,1,Academy (including Free Schools),Academy - Converter Mainstream,1,0,0,3,11,Mixed,Mixed,Does not apply,Not applicable,1,53.74721599999999,-1.581859
